Job Title,Company Name,Job Tags / Skills,Location,Job Type (Raw),Epoch,Job URL,Job Type
Online Hotel Reservationist Fully,Destination Knot,"growth, travel",New York,,1767528001,https://remoteOK.com/remote-jobs/remote-online-hotel-reservationist-fully-destination-knot-1129404,Not Specified
Full Stack Product Engineer,Jiga,"senior, javascript, react, node, mongo, engineer, full stack",Worldwide,,1767517899,https://remoteOK.com/remote-jobs/remote-full-stack-product-engineer-jiga-1129403,Full-Time
Account Executive,Qualio,"saas, salesforce, growth, management, sales, executive",North America,,1767456045,https://remoteOK.com/remote-jobs/remote-account-executive-qualio-1129401,Not Specified
Associate Technical Support Engineer,Recharge,"technical, support, engineer",Remote,,1767456015,https://remoteOK.com/remote-jobs/remote-associate-technical-support-engineer-recharge-1129400,Not Specified
Senior Software Engineer,Bugcrowd,"software, design, security, cloud, api, senior, engineer, engineering, digital nomad",India,,1767452411,https://remoteOK.com/remote-jobs/remote-senior-software-engineer-bugcrowd-1129399,Not Specified
Staff Software Engineer,Malt,"software, design, technical, support, code, java, cloud, strategy, lead, senior, operational, excel, engineer, engineering, backend, digital nomad",France,,1767434402,https://remoteOK.com/remote-jobs/remote-staff-software-engineer-malt-1129398,Not Specified
Espresso,Espresso,,Remote,,1767430806,https://remoteOK.com/remote-jobs/remote-espresso-espresso-1129397,Not Specified
SQUIRE,SQUIRE,,Remote,,1767369621,https://remoteOK.com/remote-jobs/remote-squire-squire-1129396,Not Specified
Coding Bootcampï¹£Job Guaranteed,Metana,"No Tech Background Needed, Job or 100% Money Back",Worldwide,,1767344810,https://remoteOK.com/remote-jobs/remote-coding-bootcamp-job-guaranteed-metana-1129395,Not Specified
Executive Assistant Operations Virtual Assistant,Assist World,"assistant, system, consulting, founder, support, bookkeeping, financial, admin, management, operations, executive",Worldwide,,1767330008,https://remoteOK.com/remote-jobs/remote-executive-assistant-operations-virtual-assistant-assist-world-1129394,Not Specified
Marketing &amp; Sponsorship Coordinator,Assist World,"coordinator, support, content, marketing, sales, non tech",Worldwide,,1767330001,https://remoteOK.com/remote-jobs/remote-marketing-amp-sponsorship-coordinator-assist-world-1129393,Not Specified
Staff Software Engineer Money,Galileo Financial Technologies,"software, finance, financial, banking, excel, analytics, engineer, engineering",New York City,,1767304855,https://remoteOK.com/remote-jobs/remote-staff-software-engineer-money-galileo-financial-technologies-1129390,Not Specified
Senior Cloud Engineer,ClickHouse,"security, architect, c, cloud, senior, engineer",United States,,1767304837,https://remoteOK.com/remote-jobs/remote-senior-cloud-engineer-clickhouse-1129389,Not Specified
Regional Director Public Sector Sales DOW,Chainguard,"director, security, software, cloud, management, marketing, sales",Washington DC,,1767304817,https://remoteOK.com/remote-jobs/remote-regional-director-public-sector-sales-dow-chainguard-1129388,Not Specified
Senior Staff AI Software Engineer,Aegis Ventures,"software, python, technical, growth, senior, operational, health, healthcare, engineer, backend","Remote, U.S.",,1767301215,https://remoteOK.com/remote-jobs/remote-senior-staff-ai-software-engineer-aegis-ventures-1129387,Not Specified
Security Architect,Dexterity,"security, architect, python, full-stack, docker, software, devops, c++, cloud, robotics, git, operations",Redwood City,,1767218402,https://remoteOK.com/remote-jobs/remote-security-architect-dexterity-1129385,Full-Time
Member of Technical Staff Fullstack Engineer,Inflection AI,"technical, support, engineer, engineering, backend, fullstack",Palo Alto,,1767168042,https://remoteOK.com/remote-jobs/remote-member-of-technical-staff-fullstack-engineer-inflection-ai-1129384,Full-Time
Staff Software Engineer Simulation,Muon Space,"software, design, system, web, cloud, api, operations, engineer, engineering, digital nomad",San Jose,,1767168018,https://remoteOK.com/remote-jobs/remote-staff-software-engineer-simulation-muon-space-1129383,Not Specified
Software Engineer Networking Software and Services,xAI,"software, support, travel, reliability, engineer, engineering",Remote,,1767106810,https://remoteOK.com/remote-jobs/remote-software-engineer-networking-software-and-services-xai-1129382,Not Specified
Client Success Executive Wayforge,SBI Growth,"marketing, consulting, growth, management, executive",Remote,,1767096016,https://remoteOK.com/remote-jobs/remote-client-success-executive-wayforge-sbi-growth-1129381,Not Specified
WNS Global Services,WNS Global Services,,India,,1767081629,https://remoteOK.com/remote-jobs/remote-wns-global-services-wns-global-services-1129380,Not Specified
Virtual Operations Manager,Women Builders Council,"full time, other",Worldwide,,1767069186,https://remoteOK.com/remote-jobs/remote-virtual-operations-manager-women-builders-council-1129379,Full-Time
Client Success Manager Coupa,CrossCountry Consulting,"consulting, manager, saas, support, software, growth, travel, accounting, financial, post-production, microsoft, management, lead, operational, excel, sales, health, healthcare",United States,,1767052900,https://remoteOK.com/remote-jobs/remote-client-success-manager-coupa-crosscountry-consulting-1129378,Not Specified
Social Media Manager Platform,Digital Media Management,"manager, training, copywriting, growth, video, strategy, exec, management, content, marketing, analytics, health",United States,,1767052893,https://remoteOK.com/remote-jobs/remote-social-media-manager-platform-digital-media-management-1129377,Not Specified
IT Operations Specialist,MyFunded Futures,"security, support, financial, mobile, operations",Remote,,1767052887,https://remoteOK.com/remote-jobs/remote-it-operations-specialist-myfunded-futures-1129376,Not Specified
Senior Software Engineer,Chainguard,"software, design, cloud, management, senior, go, engineer, engineering, backend, digital nomad",Remote,,1767052871,https://remoteOK.com/remote-jobs/remote-senior-software-engineer-chainguard-1129375,Not Specified
Senior Specialist Senior Accountant Shared Financial Services,Make-A-Wish America,"accountant, accounting, financial, senior",Remote,,1767052849,https://remoteOK.com/remote-jobs/remote-senior-specialist-senior-accountant-shared-financial-services-make-a-wish-america-1129374,Not Specified
Senior Product Manager,Agile Six,"manager, growth, senior",United States,,1767052827,https://remoteOK.com/remote-jobs/remote-senior-product-manager-agile-six-1129373,Not Specified
Senior Engineering Manager Infrastructure,MZLA Technologies Corporation,"manager, senior, engineering",Remote Canada,,1767038442,https://remoteOK.com/remote-jobs/remote-senior-engineering-manager-infrastructure-mzla-technologies-corporation-1129371,Not Specified
Work From Home Benefits Services Representative,Global Elite Texas,"security, training, architect, test, growth, financial, video, part-time","Portland, Maine",,1767031255,https://remoteOK.com/remote-jobs/remote-work-from-home-benefits-services-representative-global-elite-texas-1129370,Part-Time
Senior Infrastructure Engineer,Paradigm Health,"security, devops, cloud, senior, medical, healthcare, engineer, engineering",Remote - United States,,1767031231,https://remoteOK.com/remote-jobs/remote-senior-infrastructure-engineer-paradigm-health-1129369,Not Specified
Senior Software Developer II Cloud,Life360,"developer, software, cloud, php, mobile, senior, operations, go, backend, digital nomad","Remote, Canada",,1767031214,https://remoteOK.com/remote-jobs/remote-senior-software-developer-ii-cloud-life360-1129368,Not Specified
HR Administrator,Offshore Launch,"hr, growth, payroll, administrator, operations",Remote,,1767024091,https://remoteOK.com/remote-jobs/remote-hr-administrator-offshore-launch-1129367,Not Specified
Product Designer,Ahrefs,"design, designer, technical, software, manager, lead, senior, marketing, sales, engineering, recruitment, digital nomad",Remote,,1767024062,https://remoteOK.com/remote-jobs/remote-product-designer-ahrefs-1129366,Not Specified
Client Success Manager,Offshore Launch,"manager, support, growth, operations, full-time",Remote,,1767024046,https://remoteOK.com/remote-jobs/remote-client-success-manager-offshore-launch-1129365,Full-Time
Full Stack Developer,MicroVentures,"developer, laravel, senior, engineering, digital nomad",Texas,,1767024041,https://remoteOK.com/remote-jobs/remote-full-stack-developer-microventures-1129364,Not Specified
Sales Development Manager,Dune,"manager, saas, crypto, technical, travel, scheme, strategy, lead, analytics, sales, go, health, engineering, part-time",London,,1767024027,https://remoteOK.com/remote-jobs/remote-sales-development-manager-dune-1129363,Part-Time
Current job openings,Databricks,,Remote,,1767024021,https://remoteOK.com/remote-jobs/remote-current-job-openings-databricks-1129362,Not Specified
Senior Business Analyst,Xpansiv,"analyst, design, system, security, technical, recruiter, support, testing, manager, education, microsoft, management, lead, senior, operational, recruiting, digital nomad",Remote,,1767009682,https://remoteOK.com/remote-jobs/remote-senior-business-analyst-xpansiv-1129361,Not Specified
Project Coordinator Contract,INFUSE,"security, coordinator, test, manager, video, recruiting, non tech",Remote,,1767009675,https://remoteOK.com/remote-jobs/remote-project-coordinator-contract-infuse-1129360,Not Specified
Commercial Sales Engineer Central,Chainguard,"security, technical, support, serverless, cloud, sales, engineer",United States,,1767009634,https://remoteOK.com/remote-jobs/remote-commercial-sales-engineer-central-chainguard-1129359,Not Specified
Business Development Manager,Unlimit,"manager, crypto, support, growth, financial, fintech, strategy, recruiting, executive",Worldwide,,1767002402,https://remoteOK.com/remote-jobs/remote-business-development-manager-unlimit-1129358,Not Specified
Motion Designer,Alpaca,"design, crypto, designer, technical, ui, web, financial, video, investment, c, api, mobile, digital nomad",Remote - North America,,1766995222,https://remoteOK.com/remote-jobs/remote-motion-designer-alpaca-1129357,Not Specified
Social Media Content Specialist,AllTrails,"design, support, growth, video, education, investment, content, digital nomad",Remote,,1766973602,https://remoteOK.com/remote-jobs/remote-social-media-content-specialist-alltrails-1129356,Not Specified
Senior Backend Software Engineer,Teleport,"software, security, recruiter, code, education, cloud, senior, go, health, engineer, engineering, linux, backend",United States,,1766937602,https://remoteOK.com/remote-jobs/remote-senior-backend-software-engineer-teleport-1129355,Not Specified
DevOps Software Engineer Energy Storage,Redwood Materials,"software, growth, web, devops, operations, engineer",San Francisco,,1766865616,https://remoteOK.com/remote-jobs/remote-devops-software-engineer-energy-storage-redwood-materials-1129354,Not Specified
Business Systems Analyst,NASA Federal Credit Union,"analyst, design, system, training, technical, support, software, investment, microsoft, management, junior, operational, part-time, digital nomad",Remote,,1766858409,https://remoteOK.com/remote-jobs/remote-business-systems-analyst-nasa-federal-credit-union-1129353,Part-Time
Customer Experience Associate New Req,Koala Health,"technical, support, web, voice, medical, health, healthcare",Remote,,1766858401,https://remoteOK.com/remote-jobs/remote-customer-experience-associate-new-req-koala-health-1129352,Not Specified
Frontend Engineer Trading Platform,MyFunded Futures,"frontend, design, test, code, financial, api, engineer, backend, digital nomad",Remote,,1766822412,https://remoteOK.com/remote-jobs/remote-frontend-engineer-trading-platform-myfunded-futures-1129351,Not Specified
Internal Controls &amp; Policy Adherence Testing Analyst,CloudWalk,"testing, analyst, design, technical, support, test, financial, operations, operational, engineering, digital nomad",United States,,1766793696,https://remoteOK.com/remote-jobs/remote-internal-controls-amp-policy-adherence-testing-analyst-cloudwalk-1129350,Not Specified
Frontend Product Engineer,Mento,"frontend, design, growth, engineer, engineering, digital nomad",Remote,,1766793688,https://remoteOK.com/remote-jobs/remote-frontend-product-engineer-mento-1129349,Not Specified
Commercial P&amp;C Support Representative,Thimble,"training, technical, support, software, sales, health",United States,,1766793668,https://remoteOK.com/remote-jobs/remote-commercial-pampc-support-representative-thimble-1129348,Not Specified
Content Manager,Terra,"manager, design, writer, support, ux, seo, leader, strategy, lead, content, senior, marketing, health, healthcare, digital nomad",U.S.,,1766793660,https://remoteOK.com/remote-jobs/remote-content-manager-terra-1129347,Not Specified
Associate Clinical Director Oncology,Private Health Management,"director, manager, exec, management, lead, go, medical, health, healthcare",Remote,,1766793653,https://remoteOK.com/remote-jobs/remote-associate-clinical-director-oncology-private-health-management-1129346,Not Specified
Recovery Analyst Underpayments,Trend Health Partners,"analyst, system, software, microsoft, excel, medical, health, healthcare",Remote,,1766793627,https://remoteOK.com/remote-jobs/remote-recovery-analyst-underpayments-trend-health-partners-1129345,Not Specified
Cloud Full Stack Python Software Engineer US,"Railroad19, Inc","python, software, react, technical, code, serverless, cloud, nosql, angular, health, engineer, engineering, full-time",U.S. Remote,,1766793620,https://remoteOK.com/remote-jobs/remote-cloud-full-stack-python-software-engineer-us-railroad19-inc-1129344,Full-Time
Customer Care Specialist Inbound Phone Support,HONK,"support, growth, operations, operational, sales, full-time",Remote,,1766793613,https://remoteOK.com/remote-jobs/remote-customer-care-specialist-inbound-phone-support-honk-1129343,Full-Time
Staff Software Engineer Backend with Close 10 years of experience,Outreach,"software, design, technical, code, microsoft, senior, sales, engineer, backend, digital nomad",Hyderabad,,1766746802,https://remoteOK.com/remote-jobs/remote-staff-software-engineer-backend-with-close-10-years-of-experience-outreach-1129341,Not Specified
Technical Program Associate,GiveDirectly,"technical, software, financial, operations",London,,1766736015,https://remoteOK.com/remote-jobs/remote-technical-program-associate-givedirectly-1129340,Not Specified
Full Stack Engineer Contacts,Calendly,"design, saas, react, front-end, technical, software, growth, web, cloud, node.js, engineer, engineering, backend, digital nomad",Remote - US,,1766700017,https://remoteOK.com/remote-jobs/remote-full-stack-engineer-contacts-calendly-1129339,Not Specified
Product Security Engineer DeFi,FalconX,"defi, security, design, crypto, cryptocurrency, support, code, financial, finance, management, engineer, engineering, digital nomad",New York City,,1766671216,https://remoteOK.com/remote-jobs/remote-product-security-engineer-defi-falconx-1129337,Not Specified
Senior Frontend Engineer,Arize AI,"frontend, react, typescript, api, senior, junior, engineer, engineering, backend",Remote,,1766656821,https://remoteOK.com/remote-jobs/remote-senior-frontend-engineer-arize-ai-1129336,Not Specified
Site Reliability Engineer,Wormhole Foundation,"security, support, operational, reliability, engineer",Remote,,1766602825,https://remoteOK.com/remote-jobs/remote-site-reliability-engineer-wormhole-foundation-1129335,Not Specified
Product Manager Wallet SDKs,Startale,manager,Remote,,1766602806,https://remoteOK.com/remote-jobs/remote-product-manager-wallet-sdks-startale-1129334,Not Specified
Growth Marketing Manager,InfStones,"growth, manager, web3, node, mobile, management, marketing, analytics, sales, full-time",Texas,,1766584802,https://remoteOK.com/remote-jobs/remote-growth-marketing-manager-infstones-1129333,Full-Time
Senior Data Engineer,Nansen.ai,"crypto, software, senior, operational, analytics, engineer, engineering","Remote EMEA, Remote Asia",,1766566849,https://remoteOK.com/remote-jobs/remote-senior-data-engineer-nansen-ai-1129332,Not Specified
Social Media Manager,GiveDirectly,"manager, software, financial, management, operations",Nairobi,,1766566819,https://remoteOK.com/remote-jobs/remote-social-media-manager-givedirectly-1129331,Not Specified
Senior Full Stack Engineer,Teleport,"design, security, recruiter, support, code, voice, education, investment, typescript, senior, go, health, engineer, engineering, digital nomad",United States,,1766563204,https://remoteOK.com/remote-jobs/remote-senior-full-stack-engineer-teleport-1129330,Not Specified
Project Director Campus Action Planning,Campus Compact,"director, students, technical, support, growth, education, investment, senior",Remote - Anywhere in the U.S.,,1766534448,https://remoteOK.com/remote-jobs/remote-project-director-campus-action-planning-campus-compact-1129329,Not Specified
Member Support Specialist,DISQO,"support, test, growth, lead, health",Yerevan,,1766534424,https://remoteOK.com/remote-jobs/remote-member-support-specialist-disqo-1129328,Not Specified
Product Manager GeckoTerminal,CoinGecko,"manager, design, crypto, cryptocurrency, support, software, test, growth, voice, financial, education, leader, marketing, digital nomad",Malaysia,,1766498438,https://remoteOK.com/remote-jobs/remote-product-manager-geckoterminal-coingecko-1129326,Not Specified
Senior Analytics Engineer,Alpaca,"crypto, technical, support, financial, investment, finance, c, api, senior, operations, operational, marketing, analytics, engineer, executive",Remote - North America,,1766498431,https://remoteOK.com/remote-jobs/remote-senior-analytics-engineer-alpaca-1129325,Not Specified
Growth Marketer,BitMEX,"growth, crypto, cryptocurrency, security, marketer",Remote - Europe,,1766494819,https://remoteOK.com/remote-jobs/remote-growth-marketer-bitmex-1129324,Not Specified
BIM Modeler,Sanctuary,"design, system, 3d, consultant, consulting, technical, support, test, management, lead, engineering, digital nomad",New Delhi,,1766476817,https://remoteOK.com/remote-jobs/remote-bim-modeler-sanctuary-1129323,Not Specified
Commercial Pilots AI Trainer,Handshake,"trainer, system, students, test, content, operational, recruiting",San Francisco,,1766476811,https://remoteOK.com/remote-jobs/remote-commercial-pilots-ai-trainer-handshake-1129322,Not Specified
Senior Director Global Support,Elite Technology,"director, saas, embedded, system, support, financial, cloud, leader, management, senior, operations, operational, executive",US - Remote,,1766448190,https://remoteOK.com/remote-jobs/remote-senior-director-global-support-elite-technology-1129321,Not Specified
Medical Affairs Writer Contract,Kyverna Therapeutics,"writer, management, lead, content",Remote,,1766448172,https://remoteOK.com/remote-jobs/remote-medical-affairs-writer-contract-kyverna-therapeutics-1129320,Not Specified
Executive Director Patient Advocacy,Kyverna Therapeutics,"director, support, education, investor, strategy, lead, senior, recruitment, educational, executive",Remote,,1766448165,https://remoteOK.com/remote-jobs/remote-executive-director-patient-advocacy-kyverna-therapeutics-1129319,Not Specified
Manager Commercial Sales,Cribl,"manager, security, technical, strategy, lead, operations, excel, sales",Remote - United States,,1766448158,https://remoteOK.com/remote-jobs/remote-manager-commercial-sales-cribl-1129318,Not Specified
SEC Reporting Manager,HighLevel,"manager, technical, support, accounting, financial, education, investor, api, management, marketing, legal, sales",United States,,1766448134,https://remoteOK.com/remote-jobs/remote-sec-reporting-manager-highlevel-1129317,Not Specified
Director Medical Information,Kyverna Therapeutics,"director, system, training, support, leader, strategy, management, lead, content, senior, operational, biotech, health, healthcare",Remote,,1766448127,https://remoteOK.com/remote-jobs/remote-director-medical-information-kyverna-therapeutics-1129316,Not Specified
Associate Medical Writer,Precision AQ,"writer, support, education, content, marketing, legal, non tech","Remote, United States",,1766448120,https://remoteOK.com/remote-jobs/remote-associate-medical-writer-precision-aq-1129315,Not Specified
Junior Account Manager,Unlimited Technology,"manager, security, support, management, junior, sales, healthcare, non tech",Remote,,1766448095,https://remoteOK.com/remote-jobs/remote-junior-account-manager-unlimited-technology-1129314,Not Specified
Vice President Commercial & Channel Sales,DNSFilter,"design, support, growth, manager, lead, marketing, sales, full-time, digital nomad",Remote,,1766448071,https://remoteOK.com/remote-jobs/remote-vice-president-commercial-channel-sales-dnsfilter-1129313,Full-Time
Managing Director AMER Advertising Solutions,Kochava,"director, saas, gaming, technical, growth, finance, ads, mobile, leader, strategy, management, lead, senior, marketing, sales, executive",United States,,1766448040,https://remoteOK.com/remote-jobs/remote-managing-director-amer-advertising-solutions-kochava-1129312,Not Specified
SaaS Business Development Representative U.S. Eastern Time Zone,Buynomics,"saas, system, support, growth, lead, sales",Eastern Time Zone (EST) USA,,1766448034,https://remoteOK.com/remote-jobs/remote-saas-business-development-representative-u-s-eastern-time-zone-buynomics-1129311,Not Specified
Web Analyst Web Data and Analytics,Best Egg,"web, analyst, technical, testing, growth, director, financial, strategy, management, lead, marketing, analytics, health",Remote / Flexible,,1766448017,https://remoteOK.com/remote-jobs/remote-web-analyst-web-data-and-analytics-best-egg-1129310,Not Specified
Software Engineer Infrastructure,xAI,"software, engineer, engineering",Palo Alto,,1766440812,https://remoteOK.com/remote-jobs/remote-software-engineer-infrastructure-xai-1129309,Not Specified
Senior Data Engineer,HugeInc,"support, senior, engineer, engineering",United States,,1766430011,https://remoteOK.com/remote-jobs/remote-senior-data-engineer-hugeinc-1129308,Not Specified
Performance Application Engineer Intelligent Factory,Intrinsic,"system, technical, software, testing, test, c++, robotics, strategy, lead, reliability, engineer",Mountain View,,1766426436,https://remoteOK.com/remote-jobs/remote-performance-application-engineer-intelligent-factory-intrinsic-1129307,Not Specified
Software Manager Exchange,GHX,"software, manager, technical, java, lambda, angular, management, lead",Louisville,,1766426419,https://remoteOK.com/remote-jobs/remote-software-manager-exchange-ghx-1129306,Not Specified
Staff Software Engineer Backend,Leona Health,"software, python, cto, technical, strategy, medical, health, engineer, engineering, backend",San Francisco,,1766426402,https://remoteOK.com/remote-jobs/remote-staff-software-engineer-backend-leona-health-1129305,Not Specified
AI Engineer,Magna Legal Services,"support, legal, engineer",Remote,,1766419223,https://remoteOK.com/remote-jobs/remote-ai-engineer-magna-legal-services-1129304,Not Specified
Executive Virtual Assistant,Offshore Launch,"assistant, founder, ceo, support, growth, operations, executive, full-time",Remote,,1766415618,https://remoteOK.com/remote-jobs/remote-executive-virtual-assistant-offshore-launch-1129303,Full-Time
Data Engineer,Sayari,"python, software, code, financial, investment, scala, engineer, engineering",Remote - US,,1766361640,https://remoteOK.com/remote-jobs/remote-data-engineer-sayari-1129302,Not Specified
Director of Narrative and Video Storytelling,Field AI,"director, technical, support, software, web, video, robotics, leader, lead, content, sales, go, executive","Irvine, CA",,1766332819,https://remoteOK.com/remote-jobs/remote-director-of-narrative-and-video-storytelling-field-ai-1129301,Not Specified
Senior GenAI Technical Lead Partner Platforms,2100 NVIDIA USA,"design, technical, support, software, growth, cloud, leader, strategy, lead, senior, engineering, digital nomad","US, CA, Santa Clara",,1766332802,https://remoteOK.com/remote-jobs/remote-senior-genai-technical-lead-partner-platforms-2100-nvidia-usa-1129300,Not Specified
Current openings,Sezzle,,Remote,,1766260806,https://remoteOK.com/remote-jobs/remote-current-openings-sezzle-1129297,Not Specified
Senior DevOps Engineer,Little Thinking Minds,"security, students, architect, technical, support, devops, cloud, lead, senior, junior, operational, engineer",Amman,,1766217640,https://remoteOK.com/remote-jobs/remote-senior-devops-engineer-little-thinking-minds-1129296,Not Specified
Senior Research Engineer OLMo,The Allen Institute for Artificial Intelligence,"senior, excel, engineer, engineering","Seattle, WA",,1766199615,https://remoteOK.com/remote-jobs/remote-senior-research-engineer-olmo-the-allen-institute-for-artificial-intelligence-1129294,Not Specified
